10000,100000,1000000,110000,120000,130000,140000,150000,160000,170000,180000,190000,20000,200000,210000,220000,230000,240000,250000,260000,270000,280000,290000,30000,300000,310000,320000,330000,340000,350000,360000,370000,380000,390000,40000,400000,410000,420000,430000,440000,450000,460000,470000,480000,490000,50000,500000,510000,520000,530000,540000,550000,560000,570000,580000,590000,60000,600000,610000,620000,630000,640000,650000,660000,670000,680000,690000,70000,700000,710000,720000,730000,740000,750000,760000,770000,780000,790000,80000,800000,810000,820000,830000,840000,850000,860000,870000,880000,890000,90000,900000,910000,920000,930000,940000,950000,960000,970000,980000,990000,hyperparam
19.548462873442503,481.51980031778,1175.7162893787256,532.9857759542116,665.8978381241102,780.6102326366989,918.1627068729305,842.3632067149503,786.3958242763433,889.8379461973258,984.6365004811327,850.093796620658,145.6863113847085,1128.0611758778964,887.4248356263286,1019.8260324936645,1002.8267955788641,1023.0477891854802,952.7880927597154,1360.117836324507,1226.3532678915622,945.3488025579891,1621.3767317701079,221.04245342428635,1144.6790198226565,1238.332328390986,2171.7454330321784,1681.6569617296584,2195.0342579882217,1194.9449479968068,1548.9741008878896,1680.4145102113155,1627.3659482141184,1990.3204892880478,273.13685033620504,1449.8498867071546,1809.698940600221,1795.550928722395,2144.6912782655077,1559.9731014086708,1803.4275533842826,1262.5861573576888,1836.5653664743986,1729.5986520634917,1201.3464450124234,311.0723385495331,1505.4716287049873,2018.3475481213716,1557.1658183724849,1987.5453898406092,1767.1488131910583,1769.80413756302,2219.4972776602685,1177.039028198959,1701.4390866488657,1345.8633368436824,328.24189450086493,2150.454055098505,1868.255452841725,1899.0777923253142,1029.769751200935,1394.6902924582234,1820.5227445025685,1790.9217324945464,2506.643072579043,1980.614703435975,1581.4768207918398,355.4557343989974,1900.973625772545,2009.492607108861,1520.4243159699445,1765.5486192981343,1322.3394824438499,1883.5653459087073,1637.8479143006587,1702.215861131675,1265.298036927471,1914.9405231865974,390.052504482932,1211.9901593008333,1347.8521351910103,1585.5604864399536,2270.212589858718,1256.0407007696829,1439.0564424970682,1736.5942695299102,1744.1319831628482,1566.2227602075284,1922.3470197367856,436.4945900090875,1822.1483716380917,1925.6887181101479,1414.8839080533692,1448.3069435838577,1251.371049331205,1448.7998626240858,1223.1338956340085,1383.541869589877,1381.1053174702379,968.1253485698443,0.0009-1-10-2048-ppo_shared_gc-0
33.68667739912595,739.9171227174523,1560.7680070832337,1138.7645029499708,1035.0786742534956,732.5238573970801,898.7255571585778,835.9169800534908,976.1366930476669,1022.2177786906228,894.8947884326617,1051.652598623995,149.00507684133052,1029.4614952323054,890.5917913606713,1060.9470054925573,1024.4552779956016,965.3102032752286,969.7753383318702,992.2965317028826,1065.4413504586992,959.2769861344941,911.7543946578387,209.6282905307674,1003.7902469194485,1263.9900515982508,1137.4556745339748,980.3047312417942,1133.3545168720345,1357.5050312115684,1859.672262622364,1804.2950987947004,987.0274075806846,1233.9962241798703,283.599873030423,1741.0299093158476,1460.2839580658372,1445.3260789438918,1102.3765075643605,1594.3091220471733,1684.2416481507232,1552.6565953340157,1880.5766353150714,1559.4161127686727,1486.7410721917665,322.353476954841,1113.8166949360916,1511.8974804927473,1156.4228654072283,1047.1561797206898,1132.8319180256744,1346.746057148702,1422.642190964225,1583.2581867648457,1899.2356659551479,2133.3176844064283,345.90752769969083,1432.4150481070574,1873.0284564564254,2569.3683620342713,1949.3688914814818,1007.66637671824,1577.3864819326086,1486.1303467853281,1779.9181987875138,1388.4566229569211,1825.428730622417,391.2385766883013,1534.3822941567737,1666.7405406219498,1506.098996821306,1204.4084062491925,236.14865706184793,523.5106443552861,728.0834814412807,1449.7461250627005,2001.0059314442094,1579.1187666278117,418.48369929991327,1972.5228577717517,1397.7521971753765,1511.7134501090604,2142.6988819206604,1770.6922853066164,1472.6486535269596,1862.8467753171542,1916.3339574691943,1497.6036266654478,1198.3499032039883,473.50750666308227,1803.25921796942,2322.94347061795,2243.352704935233,1511.2015999704452,1590.557830881831,1475.818879274525,1717.1316634870825,2024.1781028857363,1334.7869939727202,1243.7734556204605,0.0009-1-10-2048-ppo_shared_gc-1
47.437236938390335,761.0982723646525,896.2806609838827,812.0560530697949,658.8284241031674,877.3083445529126,821.9655635563429,969.9805620341006,901.8287256823401,951.8144051620044,947.2749890397178,860.4672098322683,157.72381256603776,820.9069831253297,805.1474687172478,1125.15012369782,813.7848915368003,914.0991308322056,984.4646461392082,1001.5378053482466,1051.4342239841005,1074.3134238217472,922.4311230473072,233.04851502682214,983.7294368655113,1206.447911197473,1125.1060021727008,981.3356884088734,1078.9275134270545,1397.2453472172972,1007.3576692957562,981.8115447116679,1006.741924756696,1124.704031025156,298.5264938730436,1385.2526804362674,1096.6103075721649,1090.269780320182,1415.3356082084836,1259.4334380571936,1206.773332083036,1045.9062203215576,1073.557703833852,1530.062070730489,1601.941192771124,349.08605083426016,1942.733902989927,1371.0181369718148,2127.4979405421823,2560.140656989795,2014.0451301752898,1161.9745001221602,1293.1107747847082,1021.201844099341,1298.0662234853921,1448.6584077884677,381.45830579749173,1473.2335541546427,1119.1525173667867,1399.9709316582685,1376.9070101926209,1234.9055403935974,1952.5890893494554,1728.3014336407887,1236.7060108847716,1859.2692429056947,1071.8220160291587,448.33578262500544,1453.4991292452598,1521.6842688109327,2209.53098906066,2736.5550150219647,1988.4606467240299,1546.5269969307,1443.327803551228,1349.8410430021863,1900.3177494892684,1678.1533502656666,574.5389237897725,1443.823359731288,1921.6782277324173,1193.8490330469463,1939.796071850612,1408.4819426402719,1500.5355582466443,1181.3236786183043,1383.27906328565,1809.886978885014,1577.9085380792392,680.7621090007559,1525.8040998413603,1611.054852343765,1430.125163444622,1473.5152826029175,1362.8507472999552,1395.9222567765767,1579.601675678116,1661.9455374113081,1205.5798746828086,1130.8129637901263,0.0009-1-10-2048-ppo_shared_gc-2
44.41451787085371,436.2227891950972,1734.1481915708964,480.78420949842865,564.1677164097744,607.8868123912979,616.046517505335,650.9700563803772,655.7877277164961,709.5273895612547,603.9337881260833,730.9107058899591,167.19356309161444,731.201342147973,796.0612605143041,1008.5983209012494,836.2961329762226,717.8936466179798,707.682853114652,753.2460415348164,593.6938057310596,710.4264149218735,1023.7847591891567,216.49063356927763,1060.7098301029926,970.3366254415059,859.3392737887758,981.3481662815584,1114.2879320644195,883.6145247287562,941.7484305786792,817.4125466086048,1038.5110745080387,1206.252184058638,290.8482676770337,921.5870912922009,998.394462799451,1009.341845293782,1111.1951582457907,1068.7616127440947,1494.6865552659035,1422.66937171619,1323.8793244739077,1703.248818782918,1842.577025519249,334.38338895999414,1526.344971619861,1474.3490187818807,1959.392961193467,2226.8465411141574,2463.7978470918147,2072.0532761469535,2075.819286245964,1066.2403811084,1403.901652372253,1371.138230103323,365.16623080697855,2027.1151270999062,1592.2008172380215,1814.425683419583,1468.396135956461,1097.8870546963715,1610.8519312005637,2509.165791941799,1646.5542541456798,1594.913750102961,1320.1025684351978,404.8090128143934,1450.5518591343518,1673.5407202645326,1276.7277080914,1537.31404297541,1521.7785138019235,1609.6864072409792,1531.9120033942006,1756.7064279404924,1402.926146444276,1023.8081193389066,411.88281464549965,980.687370710928,962.7222667416023,1244.3910079301254,1730.5843152112166,2127.657755790473,1506.6829678425572,2328.1416246088065,1555.6480659153938,1390.6545273823028,1720.7970864948456,409.5541021653932,1400.6552557295352,1825.0338540752039,2094.8305364949424,1524.8450017486145,1207.7599883952298,1041.2768643159386,1025.889235629405,1430.654417656224,1766.9192244161343,1991.2453064189851,0.0009-1-10-2048-ppo_shared_gc-3
39.967535099638766,752.5606725001865,1721.8324691656924,778.8663940516446,827.4032358428285,789.1674446951129,815.755591706892,963.5207401459666,869.4188265489935,880.7083363955829,945.398596910407,893.712804283915,166.36113116747342,859.9027532628461,1013.9000597155876,1001.1854680432729,890.7084059637594,852.2474311940103,935.8528839969794,987.3983061931233,1144.5083689806431,1107.3681688338888,1145.9811602851323,243.87799099914758,1065.6733154505882,1045.973321490172,995.3487663689324,1271.0948803321721,1310.2059122607595,1064.5621834657807,1079.3458430813014,1226.4986195213667,1234.911820135007,1338.6727949630686,291.96064334360835,1315.6358087477731,971.1954311203887,1132.2075085581168,1241.9209587532469,1068.1679583212638,1010.3340333143611,1187.8607683704972,1249.3100588178654,1019.4896447601835,1039.1487926339191,340.1511952161043,1069.108787626465,1130.0262927746937,1219.9554115258522,1464.5005871604894,1210.726187607413,1446.3619670806027,1217.3570964798507,1009.2019085349152,1566.946553018416,1628.0559937641017,362.32118298006446,1396.7764756043614,1745.7557172510647,1401.767777636981,1351.3326224959494,1364.261346971596,1546.9469270088389,1692.460894025558,1412.8067994387627,1463.188052612775,1729.6422889036805,403.81023597812936,1603.0005211245482,1377.514726289159,1270.952027968119,1647.5702916837072,2237.558190241702,1854.615510313809,2248.131484564111,1311.1857234944348,1291.1727659815028,1155.5393289968813,497.8509561401164,1441.3974633519479,1706.199418505071,1897.1749534534213,2274.1805918867076,1862.1530726898145,2218.188474082021,2020.4657616003196,2134.1075956197983,2286.6484915049737,1086.6922523836847,638.0366404626442,982.4478177732577,978.3160101003668,1145.5839544479409,1350.3053753091674,1772.3640706458739,1608.8992263791092,1519.6544571582137,1805.1519251870918,1373.919761724085,1028.1502580818678,0.0009-1-10-2048-ppo_shared_gc-4
37.01088603629025,634.2637314190337,1417.7491236364863,748.69138710481,750.2751777466752,757.4993383346206,814.1311873600156,852.550309065777,837.913559454368,890.8211712013581,875.2277325980006,877.367423050159,157.19397901023294,913.9067499292702,878.625083186828,1043.1413901257126,913.6143008102496,894.5196402209809,910.112762868485,1018.9193042207153,1016.2862034092128,959.3467592539986,1125.0656337899086,224.81757671006022,1051.7163698322395,1145.0160476236774,1257.7990299793123,1179.1480855988113,1366.3620265224981,1179.5744069240418,1287.419661293198,1302.086463969531,1178.911635038909,1378.789144702956,287.6144256520627,1362.6710752998488,1267.2366200316128,1294.5392283676733,1403.1039022074779,1310.1290465156794,1439.8926244396614,1294.33582261999,1472.7778177830191,1508.363059821151,1434.3509056256964,331.40929010294656,1431.4951971754665,1501.1276954285015,1604.086999408243,1857.2378709651482,1717.70997921825,1559.3879876122878,1645.6853252270034,1171.3882697412923,1573.9178362960151,1585.4067305812007,356.6190283570181,1695.9988520128943,1639.6785922308045,1816.9221094148838,1435.1548822654895,1219.8821222476058,1701.659434798807,1841.396039777604,1716.525667167154,1657.2884744028652,1505.6944849564588,400.7298685009654,1588.4814858866955,1649.7945726190871,1556.746807582286,1778.2792750456817,1461.2570980546705,1483.5809809498965,1517.8605374502959,1513.9390361262979,1572.1441260573458,1470.3120176831726,458.5617796716468,1410.0842421733498,1467.2408490690955,1486.5377861959016,2071.494490145583,1685.0051514393715,1627.4224192390502,1825.8744219348991,1746.7001330905769,1710.2032769290533,1501.2189599797089,527.6709896601926,1506.862952590333,1732.6073810494865,1665.7552534752217,1461.6348406430004,1436.980737310819,1394.143417874047,1413.0821855173651,1661.0943705460475,1412.4622344531972,1272.421466496257,0.0009-1-10-2048-ppo_shared_gc-mean
18.73366869791789,392.945579816858,1048.5851391831363,469.1475141876994,482.53859648449816,517.5862843227874,555.6106220278612,612.1298828965666,704.9980648325604,761.8498617323241,804.2664745886361,982.8293312709961,132.5806251335782,983.0842389576251,966.2962769183148,836.4691648322173,884.2295907672701,1122.4886774529525,949.1810299850506,1380.6118770583887,1165.2768364936878,1123.77402340936,997.6230674922122,216.91066201538422,1208.5113289794908,1373.3538240141963,1745.2610686537703,1185.955858052268,2060.793606948914,1609.336697202013,2212.9799040641087,1954.5377627538974,1617.603432948065,1741.6617190076572,261.54229900161624,1763.1391267002166,1506.5940149744629,1614.3076461044855,1726.3017645255645,1677.0821325626573,1971.8713136735857,1984.7935162440144,1571.2524645595963,1390.645277654703,1402.8166199654445,308.2482763039624,1677.7245985941622,1266.082279102065,1379.0951335711452,1507.4910330644877,1427.6450217382887,1576.3293638642438,1392.4448721755682,1219.2467992769978,1743.7708017067798,2131.165237643084,323.27352945318165,95.05950744182459,620.4535051509912,1021.6712763734413,1871.4541024936777,1670.3821367499809,1308.639635668001,1487.3347641782566,1519.0946166674162,1633.9016366319536,1585.574603528459,351.4651878684403,2380.194347170282,1596.7067623449277,1873.237264040357,1857.5439305426246,1771.008716017099,1389.3260603148553,999.6734361075066,1430.3563140871095,1839.8429115706936,1844.3075667533353,364.0688792943097,2062.1414610018733,1790.1991442393667,1923.0323488604101,1720.7191156733654,2249.1659775036783,1546.4435745532169,1754.9245107940176,1809.1359686719443,1203.0842552746058,1495.5648296843506,402.8181556752667,844.8645923821441,1447.738766506697,1897.700236515605,1926.2133467477668,1756.871440569775,2826.913356304237,2764.5236527840825,1734.3979089414877,2301.0544128977426,2026.839094127249,0.0009-1-20-2048-ppo_shared_gc-0
34.84170391234164,1112.427066046174,992.1047454193882,882.3207715241447,789.7218174585813,946.7225053250384,931.3122802959508,1081.6543680706147,1324.0511638690657,1087.6139175473518,955.1576662582711,818.3961907553553,145.04721105364402,1090.340432472429,1488.7688020286955,1649.9435609911,1738.6415165895432,1380.3947535830362,1215.1641997137217,965.2402051623409,1151.3794085140967,1238.2509028725665,1448.8765889118115,230.85619520511713,1352.2354996488752,1272.616795750058,1552.146791503356,1409.7392566597116,1603.4035061162983,1490.4885853484504,1394.2174356706466,1852.84203582423,1715.9466995402709,1781.1989514417319,312.9016374337698,2766.005415245001,1903.4449163931722,2131.9967606999367,2725.0726313877735,2446.3128684226863,1914.6387420440294,1701.5213465923655,1893.6548891407795,1916.5923479937624,1559.2908422583973,353.35093782295104,1678.7505171117173,1346.326955461882,1341.969738525375,2084.5036300000916,1644.5720879026287,1692.1115977494258,2294.1516213031164,1265.4551243704918,1088.784515001526,1536.955570823263,442.2744849099041,1833.0155753164772,1502.3207569151498,1291.5132522728327,1625.5811792396148,1802.396449723501,1565.4991450648986,1386.6434630216602,1366.482986905752,2159.2730951897065,2252.0053655813313,599.9614325186402,1599.7790134288095,1709.3877620111384,1258.234478950142,842.489837159469,1290.330121230254,1630.6913830661583,1498.2836170646585,1074.313601677532,2000.8253001739292,1974.311719227651,650.8919753228373,1772.0552497157987,1489.1838049184391,2113.017949618386,1323.5201376149432,1377.7742623811737,1964.7322918710472,1972.7075634834214,1579.3162757670868,1143.1817791707078,1500.4841645836086,995.6620239817535,1513.551365511802,1790.0306282941617,1493.2414047146729,2188.0150223388637,1921.061640073189,1826.3965464171467,2288.8926775822447,1845.9576349881418,1647.903644680624,1708.9017855717502,0.0009-1-20-2048-ppo_shared_gc-1
48.697733676018316,650.1705320774778,1149.6549883403127,725.0856729702514,708.3512296448694,806.7713539361266,794.6069997402966,896.2921427793983,995.437889430025,1148.9645857885655,974.2547034689153,978.5400029721299,173.5700279360124,970.0429393737429,1040.4662193561371,1099.3324282328338,954.529104107624,1059.1768824271983,1229.6847574812675,871.1361674845905,1016.8659819280749,1087.7978162212326,1019.447670072692,247.02774194234416,938.673847684121,1253.5213857400436,1199.8906173688702,1277.9339417087626,1136.3293400572563,1016.2011003234527,1027.6015108232255,955.9364821503624,866.2253862815422,951.9704597018228,309.30953633320604,971.784210605545,1017.519632174708,928.7619323590815,984.9962369406776,1037.1579752184934,1127.5355555896244,990.3436389824765,953.9963446431352,910.6449133648853,1038.9406160432068,368.62164234152476,1146.4608863083065,1090.1705099136868,1340.8148417585014,1183.9205808454037,1046.0894155629521,984.705803453761,1172.548210923125,1082.7665057256402,963.2359798023654,1085.240390693004,435.07845718557815,1374.367866583137,1223.2194507011416,1062.7280230928052,1642.0948264295337,1182.8588566600174,1116.8464845574206,1182.4189266372114,1177.0704960149756,1181.9697229394465,826.8142713544424,476.7989340430617,1321.567181318311,1053.5048971924248,870.2922023942662,1142.5887066829239,1151.9054084252098,1258.2871539561033,1539.8035585898292,1869.2242614870586,1908.3867268981173,1162.4168257914903,593.1299969820923,1585.7840631353633,1307.519227331257,1281.6509812233735,1234.652219778939,1236.7661653034827,1315.2942059679415,1194.6275224551496,1324.1750993252974,1624.4449841103585,1516.5977768720577,693.3240191566508,1651.3335348967073,1419.2464225047268,1511.6732655521207,1262.2542065998325,1075.5291274082736,1390.8791710323144,1477.3340505304059,1263.239810636396,1799.6705063505888,1641.4881822777486,0.0009-1-20-2048-ppo_shared_gc-2
48.48784143201299,518.9066818437718,2177.607996729499,723.2305163117047,690.175351009818,592.082459321861,695.0830071941876,764.3130842042397,687.757899906046,666.1455747425028,793.5015947773187,800.4545965951987,214.35904785307616,818.6706041957668,897.6891492947818,910.1424448171873,941.8776893089379,1024.9111609789395,1104.1466356827598,929.6747354306794,1077.5509001429311,1104.5759061233,1462.6059230882447,248.38607993485036,1164.3393034411965,1209.6081865258477,1526.207214388558,1568.8084526781597,2096.6434095931463,1812.9716903326353,1456.086229198732,1167.8774717418005,1065.6547147752306,1145.4870224940216,317.18661991190004,1187.1012947589986,1485.3075050882317,1522.7213966179843,2171.837189511962,1572.6874581559623,1194.909903092423,1998.263545057266,2547.3869307593764,2283.522184340281,1308.099969331932,349.41751100751117,1673.7382591545313,2338.62322719207,2537.041628639789,1739.4528023927078,2188.9777465335414,1332.1049783342169,1518.8383709333007,1767.1704835182725,1972.9511196653082,1754.2673448167182,383.6008818273743,1074.3568696025657,1183.6140477215624,1321.7342718566879,1596.9145163046944,1504.865114190612,1351.1247233273225,1745.598028597365,1948.993341786636,1787.6459335076145,1733.2697224785893,446.0858263880943,1892.9654158210728,1403.5129810129336,1637.9357372592522,1764.358263151803,1740.4002527641164,1501.582380464299,1464.702372108202,1934.0226103258292,1551.35547731707,1866.7898652092235,652.794265851131,1885.6989610802568,1565.8856036797758,2273.034449369756,2245.1692609757697,2049.450702832062,2200.6960604238548,2275.8155268993455,2078.961996744088,1136.7165392174848,1128.2766422803725,538.9258685571061,1279.026368549114,1102.4438709588248,1183.1317064114312,1751.1407423757828,1655.972898718528,2330.3167683354786,1848.5470143238094,1354.0686934862124,1727.006471743877,2019.1086916439003,0.0009-1-20-2048-ppo_shared_gc-3
38.142511611487734,534.7673479188938,1751.3870075432465,672.5982422230794,779.2262292512232,998.632506974237,744.657595643109,1153.4790386485581,1047.8747140109836,1366.6158510760572,944.0172370686669,1033.1634322388823,173.62442873993203,988.902447700893,1069.6274965884036,1170.5400642126008,961.6757071482084,1275.6226756522074,1376.1754705888848,1326.0438322669868,1411.2773809913087,1516.6825929524211,1155.042625263252,221.52371474325187,1318.299096969105,1861.7445591654023,1785.5390744821727,1357.0504715284708,1130.9753310050385,1683.4913905497124,1137.5596639352002,1723.661327995295,1344.1554820167091,1281.4610322060742,276.02186768280063,1486.1281776752473,1291.5611733964483,1327.7749597231334,1053.7295421318868,1611.7884555609114,1268.263053022734,1193.534582790249,1172.089723037257,1199.9879104256308,1110.9488156077578,319.8121311818902,1389.56005506402,1744.2798877585944,1582.1604077252284,1566.2472496155488,2079.4002730015477,2170.1095920557664,1911.892136118992,2410.6589598784267,1869.1346874059973,2068.529954955464,344.35675257137103,1942.857841052653,1754.2869026992419,1413.7949659859162,1572.555964677157,1767.3034015252354,1397.195286036898,1029.318328294828,1172.3545257654841,1330.6297275328895,1819.0594286734365,405.1981507196397,2067.648316049994,1670.6048809195388,2088.356013387178,1888.679720654595,2209.778602502986,2634.400550344586,2320.132452963544,1949.7355872473684,2014.838723903811,2440.2347864532107,433.9802231468004,2177.4607438368394,1969.3551654737078,2449.9075496197925,2107.443928531953,1920.1432963645364,1575.6104008234397,1728.3548383368789,2224.939561532601,2414.74485094518,1855.555102400187,522.430883183311,2422.6676497360927,1537.079845925136,1205.5136226832494,1628.7175532511274,1931.5752218466794,1768.26837629166,1686.1505823574678,1673.2891806611412,1881.150032485798,1959.0296256847594,0.0009-1-20-2048-ppo_shared_gc-4
37.78069186595572,641.8434415406351,1423.8679754431166,694.4765434433759,690.002644769798,772.3590219760101,744.254100980281,901.5737033198754,952.0239464097361,1006.2379581773603,894.2395352323616,922.6767107665124,167.83626814324856,970.2081325400916,1092.5695888372666,1133.285532617188,1096.1907215843166,1172.518830018867,1174.8704186903367,1094.5413634805973,1164.4701016140198,1214.216248315776,1216.7191749656424,232.94087876818958,1196.411815344558,1394.1689502391096,1561.8089532793454,1359.8975961254746,1605.6290387441309,1522.4978927512527,1445.6889487383828,1530.971016093117,1321.9171431123636,1380.3558369702616,295.3923920726585,1634.8316449970018,1440.8854484054045,1505.112539100924,1732.387472899573,1669.005777984142,1495.4437134844793,1573.6913259332744,1627.6760704280289,1540.2785267558525,1284.0193726413477,339.89009973156794,1513.2468632465475,1557.0965718856598,1636.2163500440079,1616.3230591836477,1677.3369089477917,1551.0722670914827,1657.9750422908205,1549.0595745539658,1527.5754207163952,1715.2316997863065,385.71682118948183,1263.9315319993316,1256.7789326376173,1222.2883579163367,1661.7201178289354,1585.5611917698693,1347.8610549309083,1366.2627021458643,1436.7991934280528,1618.684023160322,1643.3446783232514,455.90190630757525,1852.4308547576936,1486.7434566961929,1545.611139206239,1499.132091638283,1632.684620187933,1682.8575056292004,1564.5190873667482,1651.5304749649797,1863.0498279727242,1857.6121526869822,538.9730681194342,1896.6280957540264,1624.4285891285094,2008.128655738344,1726.3009325149942,1766.6600808769865,1720.5553067279002,1785.2859923937626,1803.3057804082036,1504.4344817436674,1499.2957031641151,630.6321901108176,1542.2887022151722,1459.307906837909,1458.2520471754158,1751.2681742626744,1668.202065723289,2028.5548436761674,2013.0895955156022,1574.190645742676,1871.3570136317262,1871.0734758610815,0.0009-1-20-2048-ppo_shared_gc-mean
20.35536220945882,420.5162253235901,713.9104537885324,501.92618185397527,608.0885089586452,682.363277514103,703.6720435930827,693.2850748572448,786.7312031614646,914.6016314134758,976.9082276576155,1052.5067888976723,133.11978183022484,936.9184242496893,918.2028309777492,874.4036313381204,738.0117379601843,927.8049899630755,964.2036462188966,961.7026962029327,820.9204080214282,946.295442209653,1023.3938469944505,217.16007727121215,1119.2428203177108,1031.2326575039015,1038.938898060071,944.5043797962965,1249.100437296217,1190.121257617594,1490.7607162689667,1110.9032532754834,1012.089337479347,1104.2021762906602,271.93553566378296,988.7311206245153,1167.481029743562,1424.0075242420558,1189.1830385445835,1274.9088447729334,951.733114630367,1064.8390388893845,1447.5300282902704,914.8134348333468,1196.17638053465,304.9344463148148,1542.8290243065485,1597.6400242983825,1938.0483762523766,1638.4720953320452,1569.3354164631794,1359.5889857075526,1860.2517247620635,1330.4280464104938,2250.461338422995,1895.5222316599786,341.1002404634504,1220.634171131097,1308.565325081743,1990.029112619702,2400.3205293192286,2009.4966490232575,1562.7782223637287,1430.7524526514421,1518.126211054414,1434.5209177568177,1341.0730162069046,335.5234705910085,1340.6880543907703,1078.6275837759185,1233.8427878360794,1003.3076561107891,946.460581494441,1197.5420362645218,1138.689088477947,1189.6545971891771,1403.3131539400079,1119.5201284861223,373.9569069840266,1381.8376357757386,1792.918347805116,2005.4970577106458,1800.0339493159363,2238.808750394576,576.7551461151702,774.7985581964343,1035.7674989931033,1078.303050177509,1138.5038118870275,416.3558055725757,1192.6843721105713,1327.861001235766,2639.4658985861283,2313.0065843638445,2076.065083181651,1787.493897606258,1883.8143434380654,1836.641623846712,914.5498500673212,617.292329459859,0.0006-1-10-2048-ppo_shared_gc-0
34.0381863524481,388.35374762054806,1805.3472556754703,424.8874231799398,490.4030550494999,489.49494219803535,537.077426846536,583.7654507791838,656.6716550496127,690.879020620594,756.2071592901564,787.600099192844,133.39173900211014,992.9577586731582,704.6716952392899,727.6724492779017,806.8752229555404,1050.9114639315997,765.0489101784149,853.083429099042,1095.1983094164564,905.1901020815079,952.489345474991,218.75029166578798,1036.082133985035,1171.5383346067554,1169.6009008472408,1562.5989819416955,1153.495305235287,1018.7666871540368,1150.9290527131736,1332.9230999033684,1016.47879660242,930.2276203549235,260.45068905029297,970.5285339969014,1199.1977576186182,1072.834759760818,1028.9741175725508,1272.5171228342488,1553.9664565890187,962.6782756802036,1093.2781407691,1194.6021469353125,1323.4709664854865,308.13050839042444,1109.5160219254935,1402.2340023908262,1477.675710878627,1854.6579552073529,1457.0982581812261,1284.434919149088,1320.629318970414,1333.9552566085497,1048.5039629193473,1443.3827797717258,339.6953580553085,1385.3165575628748,1247.8198735417698,1243.1502625550506,1205.8507407472223,1788.8221953351504,1156.1766549337642,1638.4532011339336,2019.4681629252568,1213.3303717856866,1242.1796330013751,345.382422757415,1296.7083608708967,1305.789852481358,1735.0361386434174,1412.499613874659,1221.8152106258767,1815.388223859632,1465.998322977217,1915.6945149673893,1450.6679477256052,1761.054567545137,351.3671800698897,1637.3536009121146,1647.7803736684473,1085.2317510070652,1811.176387749421,1727.4586753481708,1403.415626133926,1805.3177915422996,2244.4672721606303,1724.669091493702,1392.5128955202506,365.120828258454,1317.1587249014751,1839.2363431253984,1119.7634395920136,1694.9084867718987,1536.5611634246,1330.9868394941266,1328.605259084515,1438.831108299645,1568.675789574976,1498.2162112593885,0.0006-1-10-2048-ppo_shared_gc-1
46.95307701691428,444.18146151839386,984.521926031505,504.34398194243084,602.1262745094353,536.0757220713292,673.8108676106174,820.8294682854684,916.1620188658972,964.1229784596367,1080.5844646305816,947.7443984351488,152.86060061275293,842.5955487507277,931.0620937768861,814.0191046843412,879.275826366551,808.9541000715747,915.5208002154676,928.973706243346,575.7888668634483,680.2095992435799,725.880173515355,217.79158234978914,877.8756995545832,979.8413644364266,887.5314600007472,957.0108928899383,779.2163431274007,846.304847686576,930.8397357947925,1005.8461484282989,952.933837521976,1095.060161604193,275.2091171746713,1021.6127372688563,877.9443213745466,1026.291009778381,1037.0870490201025,813.1592513275597,885.8941260207357,771.4486228363409,825.9039134801036,1072.051435490455,1011.5702534821605,310.3824890035101,1078.4356523453603,969.8407202452269,1029.6045505133377,1185.8570427301697,1219.0061696291548,1139.5188850210748,1173.5813989470005,1055.351263441686,946.4260284806339,1104.979631786029,332.77526209536785,1170.7615881333645,1172.3033598268446,1011.4579547227919,1320.3604031826217,1338.1700862232944,1166.1837841594568,1352.5819628042207,1131.8736252944632,1303.5674620729394,2099.308095340012,358.858091649385,1925.9374240857574,1696.9343112990387,1265.6026821805854,1201.8755778543987,1339.329963766315,2089.0400110443934,1843.371023665361,1262.4062766675945,1318.2840197866924,1125.599226143263,375.38227036576404,1451.6395086125979,1627.6473083731964,1696.036152798611,2072.7226620280994,1894.490901213579,2240.93733859767,1496.3597655766928,2291.8842793492845,2253.4993099970748,1510.0875614211484,389.5896130706743,1419.4805984305651,1322.3499698648477,1376.530600980428,1525.2274202582155,1557.2435679686491,1848.2917223196496,1793.6636487272335,1878.8924011538472,1729.575645755689,1647.6198760069044,0.0006-1-10-2048-ppo_shared_gc-2
47.95237386847254,468.0712974161824,1682.0226979826264,505.54148804969105,662.2789829970494,690.2466920066046,666.9977435901856,907.4407076804955,1039.097269411867,919.8069006736633,912.1780505186181,819.2544203405267,194.07928599442965,827.583539451677,1065.2572249572722,918.0261404161145,958.3587187318797,801.6928464164923,798.3670247348169,730.2428730356065,1000.6190362345463,917.7942417268614,1054.9219661762531,262.1758469347827,1087.5143702480332,1216.6541008876889,1081.3879885562235,1164.1723745118502,1197.8269926626187,1140.5951087538872,1278.6094819225111,1322.5395353003107,1327.11263114285,1314.079179393519,318.90985854244815,1167.483252198858,1092.7213184516943,1129.3784766974443,1243.0723975208364,1232.7448470775312,1104.4812842923504,1057.0182537830028,1082.7928912763316,1292.3179017061561,1839.0049271857865,341.8040685974136,1159.0370444312205,1260.5515121540789,1304.6940432692247,1334.7747408926205,2525.075130178952,2337.21472483568,1144.3647755842183,795.9738295541711,846.3594505536454,1308.2967456179472,357.33361888181315,1244.491095142815,1419.0231669524994,1226.2075671970606,1859.6729041596432,2014.4110951485432,1325.752984010156,1460.9246663331398,1610.5194535736564,1113.8924294359317,1252.3010942607852,373.95595953497667,1770.4933449036228,1515.560567632249,1183.1184280155721,1458.8942153762753,1528.2081639087173,1092.0935805998638,1022.7037863049421,1401.9615060259482,1101.0158923018055,1018.7496783805211,379.8109318044171,1070.0707777532853,1432.1237188541859,1202.949568263007,1355.5679760611692,1496.1618450170201,1335.2319976459157,1296.5548435154915,1047.6317489598505,1070.8994850268873,1823.4436976557613,399.5872273668486,2620.9905878153854,2278.0638301270733,1552.8905502464079,1869.0933271297038,2377.3104025458406,1695.3542949438856,1881.657529756953,1658.4091705134022,1619.4134585134902,1483.7413976377018,0.0006-1-10-2048-ppo_shared_gc-3
41.050761018357726,471.32241440287584,1367.8000238772602,580.9656007479297,726.5577573669802,794.4964280023261,712.3056355046355,747.5824963087052,747.7560433332978,682.7693550618444,704.7010297418542,847.1987144045456,173.35752810657254,861.8378177513206,862.6431814154067,914.5238673942888,875.9277704852857,776.0258990932346,736.5236617568308,893.332203708312,922.2169219757337,1184.5951344491318,984.1152067700805,256.60005137076945,994.9512823764804,1086.8043354958504,873.1466957410202,963.3701043647814,816.044793521659,819.7985918182862,924.7020511207107,1163.6106851796796,1216.1977815150858,993.6396968612411,297.21906515376804,1018.5980231182482,981.9842567534848,981.7745142391523,1128.9854561337454,1075.7327621309569,1161.5679600561034,936.4525644832106,1022.286566569618,1076.0246009553061,1251.6458438399447,319.79986253347835,1410.6452210870448,1341.762566840223,1169.4857013795151,1533.100511066716,1120.2796974193357,1789.0064079394701,1575.977207091428,961.7419096716148,1730.5466443186087,1303.4476744899252,355.9842405450055,1370.618019633887,1210.6178680685146,1221.3238012401296,1580.0171371279646,1219.4430412529346,1167.1688148740234,1041.472988822927,1616.0748332691353,1395.0813994108134,1483.078127776647,385.3444005232587,1210.335509358098,1288.0499778513226,1384.9008396929225,1339.508643859691,1293.888306390198,1228.613946718421,1196.3493104644376,1381.68477886758,1280.7070493500357,1905.7046486411573,374.93254729568474,1507.371193208477,1444.7154931364596,1936.8167076015234,1565.2897177490056,1118.4168314879694,1303.9684104597693,1438.124779500855,1768.2086617590421,1649.863902108239,1485.578008608182,443.3439751907219,1290.197087498511,2227.974099268549,1786.629289545095,2032.7125193980091,1440.218006483855,1694.5538996887753,1491.8666779082787,1143.3366382014763,1775.561966445744,1375.4422712189078,0.0006-1-10-2048-ppo_shared_gc-4
38.06995209313029,438.4890292563181,1310.720471471079,503.53293515479334,617.890915776322,638.5354123584796,658.7727434290115,750.5806395822195,829.283637964428,834.4359772458429,886.115786367765,890.8608842541474,157.36178710921803,892.3786177753145,896.3674052733207,849.7290386221532,851.6898552998882,873.0778598951953,835.9328086208855,873.4669816578478,882.9487085023226,926.8169039421467,948.1601077862258,234.4955699184683,1023.1332612963686,1097.2141585861245,1010.1211886410605,1118.3313467009125,1039.1367743686365,1003.1172986060759,1155.168207564031,1187.164544417428,1104.9624768523358,1087.4417669009072,284.74485311699266,1033.390733441476,1063.8657367883811,1126.8572569435703,1125.4604117583635,1133.812565628646,1131.528588317715,958.4873511344285,1094.3583080770848,1109.9619039841152,1324.3736743056056,317.01027496792824,1260.0925928191334,1314.4057651857474,1383.9016764586163,1509.372469045781,1578.1589343743694,1581.9527845305734,1414.960885071025,1095.490061137303,1364.4594849390462,1411.1258126651214,345.3777440081891,1278.3642863208074,1271.665918694274,1338.433739666947,1673.2443429073362,1674.068613396636,1275.6120920682258,1384.8370543491326,1579.2124572233852,1292.0785160924377,1483.587993317145,359.81286901120876,1508.832538721829,1376.9924586079774,1360.5001752737153,1283.2171414151626,1265.9404452371095,1484.5355596973664,1333.422306377981,1430.2803347435379,1310.7976126208293,1386.12564983924,371.0899673039565,1409.6545432524426,1589.037048367481,1585.3062474761705,1720.9581385807262,1695.067400692263,1372.0617037904901,1362.2311476663547,1677.5918922443823,1555.4469677606824,1470.025195018474,402.79948989185493,1568.1022741513013,1799.0970487243271,1695.0559557900147,1886.9896675843345,1797.4796447209192,1671.3361308105389,1675.921491783009,1591.2221884030166,1521.555342071444,1324.4624171165524,0.0006-1-10-2048-ppo_shared_gc-mean
19.050946399288886,360.5699653449344,1277.2776737075471,372.0674280541219,380.86455929608593,385.0253813802076,409.2993482524097,490.1275942664698,523.7208241834351,522.4634850577926,540.65556765548,515.5789413486951,131.26716547097365,543.1712722188062,559.691364376621,565.4467689600716,590.189942601605,586.4286816527003,567.9897922420911,553.7152275867337,602.9151426638132,604.2469005318862,598.8364169130994,205.96175808617303,603.1713954302711,597.7114013136107,655.1287110041171,762.7836299235518,695.137480087977,719.6360108811915,763.677226118577,910.3140485370917,1157.5244732540161,987.5108285241726,238.56225845040527,1143.3808217069459,982.1278557336472,1113.4833840131992,1063.7923605883896,918.7815113526301,809.6891024807213,794.2570835796976,1053.4527003979344,991.637220930844,1105.5592741738378,273.93334078071916,1023.0484486265096,958.7327967509968,1016.4770794857614,798.7471809845151,1055.3578776631512,903.5119880850046,1108.7739599312845,1045.3318685152854,1057.7358436749826,1063.818383871435,304.24153011316275,1180.8359174551447,1137.664734543557,905.2821388833321,1020.8818604739614,1064.0523929025767,1163.3772850903676,1457.940607092497,1576.9310428512601,1209.7800022371625,2015.5990460539915,307.9078173398056,1690.1741299318699,1411.0554855687028,1427.5079357874956,1399.4157073682154,1503.4022068984407,1309.4860148572443,1088.0803857291985,1436.3758820139094,1234.240333041041,1660.308073865436,330.5052776653186,902.7001967074025,1029.6828451022218,1168.2366970784815,1919.2758473948004,1486.0468283436985,1686.555298462237,1954.9364638236268,1908.947783503527,1219.2794211884427,1484.9745044950807,352.85666753416587,1749.0348693256758,1638.2174558566562,1515.1324367074233,2238.951971715125,1968.993479597699,1717.2215496643066,2066.5029804138658,1641.963941599425,1030.1875689127664,1463.539041338218,0.0006-1-20-2048-ppo_shared_gc-0
32.41203991386664,382.4836455486883,1302.0000993657925,373.6633640918036,391.7246904246338,405.22510125349356,455.32563771091736,473.27166037333393,501.5155926162941,566.7247031266072,678.4276591214388,935.7296216863592,127.30674885304342,1056.4767730308245,1145.1210830535465,873.9202230736269,1094.3109174547703,1252.3517946234358,1032.659357484437,1081.6981619093326,1125.9631377937064,1186.430866191684,1200.5397795023741,205.017333439768,1057.7907285077818,1062.8728333914971,922.3302503754791,868.2093711588943,1006.3073052968297,1042.8824122034991,1027.2928282136531,1125.0108663179653,980.0460536239876,1060.2733246751795,220.84181322104843,947.76571396899,1052.6461604945373,1029.8574029908261,1126.7424495991718,1011.1237030642686,1170.6657729107278,984.8126630275463,985.381815086872,1098.976047707372,1125.2849230712359,286.0785539670514,864.3555651886146,1159.0668841693914,1128.8002258648837,1254.686292804551,1242.8401807585692,914.1768018416415,797.765532432232,927.6237213355301,968.0902401702384,909.8844267819721,324.0632827937186,1371.3887992033453,1499.7844835765006,1476.1073780479105,1351.1312321481141,1122.8214555278091,1099.7724339178426,1130.9559594043772,1191.3348392286293,1113.2404763627203,1329.03329817115,357.7338756931807,1304.7237467195164,1255.7582269678965,1215.940900026455,1355.7117470505455,989.1264912864563,1360.9831159595778,1494.5313077409767,1105.312142909916,1129.275630795224,1177.6724776541346,380.5216593180963,882.2673157495401,1064.391612479609,1323.9860587997075,1421.9929206425002,1730.8109377617725,1322.5953126749848,1657.110570381374,1690.3097130922956,1381.686681595765,883.6258881823949,385.715203220527,1080.7910467836873,1227.2786996990906,1306.2948898673806,1531.1889274977875,2178.5184618483404,1877.5625620025503,1807.3120196483947,1657.244970429576,1266.8691104698928,1907.8363618112028,0.0006-1-20-2048-ppo_shared_gc-1
44.61421684441677,619.0380461215541,1461.7038113100555,703.9500506309238,756.9979277089386,689.1456415713586,733.65920719386,706.8051885081876,769.4498380176155,776.882370962728,942.4822696570438,944.85674499288,150.8885597783273,798.8811099612784,835.2497648251251,845.2346408563855,960.2586965757054,1476.4739280539334,896.2401487927615,994.4308176398307,758.9738799455669,905.5425330310251,937.068522963007,219.94604057981903,922.631571318602,983.0866224233787,955.9068831847882,843.7718418942213,934.8948111878449,962.7100988963226,894.162606401044,914.1581593190095,785.3070902243045,777.5280226755389,271.8877068234404,970.8311165813836,1091.1503519485093,1136.3471298847448,882.5457118721871,1123.9453489054151,998.2772514686056,1022.2634942892963,869.8781749532562,1165.5416255460025,1163.9780834635326,347.1253759657669,1237.1692132613537,1279.7004480715866,1347.726982943055,1366.821002590914,1252.8552970631017,1277.476318632026,1128.9131699556053,1107.4323857296756,1089.5787709353676,1103.0836637697485,386.1700179909798,1365.8042685138025,1365.9971293879287,1595.5580658700642,1116.7076977815047,1506.1019967068835,1186.304369218578,1263.3101206935962,1306.2337307904572,1213.0022182246705,1218.7485852561065,520.615523873139,1039.1599568070142,1101.0367128394944,982.251861301619,979.626737455009,1034.0094794349889,975.9487474991569,937.4216685243601,835.9466542762726,955.0762590715273,1018.2777144597347,658.6915549339967,1301.0233275878277,1039.8134861698672,928.3202777516873,1325.9269233107264,1267.3141291676907,1093.5347428444359,1047.0992795199595,1350.9202795643673,1324.3805160220052,1052.9690913120999,650.592387743237,988.1295249870936,956.0354224561048,917.85917195398,1119.9889258760861,942.3904619778841,1057.9394136811388,1044.5241270962438,1139.000093685876,1161.6594421286725,1327.2335011308962,0.0006-1-20-2048-ppo_shared_gc-2
48.23089805669866,453.4619835327642,1362.2726188306758,550.040900819302,772.4123216854902,960.548248452927,1009.3129108921717,1125.1901728934906,722.4182868257127,654.0708163297876,943.7296204184638,922.2735988602369,207.82671632012045,1010.7004418767369,822.7543938868399,1297.815553186137,1096.5238229227593,1029.6109179836212,987.1122821877581,829.0047037879222,992.6227656572942,1214.3746698379787,1077.4470289096103,272.0902607237674,927.4518107607298,1185.7601867504766,1083.4897975042265,1031.8628419823624,1008.3448277919376,976.8456660963042,1161.443847701865,1120.149348488991,901.8537343724098,1140.307203145567,307.467821447888,1050.365866352643,889.9512196128239,1183.430354468944,1198.070324975373,1088.0766981214372,1162.2892897374095,1278.9251272593795,982.6207824750741,947.7817529227871,1053.0619259209109,332.88810551010226,1180.4800187226322,1228.56554776017,1174.0250993790787,1117.975770109257,1074.8650722937261,1035.234227777793,1068.2450525205659,1174.6766189753685,1260.8621518871576,1046.3200219613504,350.2273469665291,1133.7521929924512,988.4389426045714,1101.8302863380018,1186.0503731175024,1223.6928162399288,1032.1573376631552,1001.7037097270149,1120.01345041983,1138.8956072446767,1260.3488399761247,383.2203829480243,1134.0817895357716,1052.202463059774,1077.551319786436,1011.3524272026494,1031.2907675708282,1004.5104887670095,1082.239239788527,1171.6325226555746,1164.4341692082069,1459.0408528271626,408.15972451556604,1003.2115228907123,1342.3488777742712,1501.5526938708829,1325.3918070546895,1085.308424550666,899.392408583594,966.1308581571656,1114.8563278489771,947.0943716554422,1140.8230363064736,427.54362353095115,1221.3704851605075,1152.7418047878714,1270.0441398435908,1001.7909918824737,1166.5981294834794,930.6194730906358,1211.0642616321845,1168.6295811192526,1603.0216268264144,1769.1885340225474,0.0006-1-20-2048-ppo_shared_gc-3
37.58701207007444,500.992901241935,1151.5999518861136,493.9532749251736,584.8603161753216,573.3044852719839,590.6988507689423,595.4822007869154,621.6410961227724,651.2645078086047,828.2609270462243,745.4656957517183,156.32502397083914,877.6701579550785,963.1872708145218,843.5036212569227,969.4760237073446,914.7355860244986,1120.3210937292347,1006.5053480112281,916.0808584164446,969.3265464432685,1207.8209105548942,228.87019465766627,1217.8715630081954,1103.882073536533,940.7787598952012,1105.5780165165422,1048.1853624394805,1083.5307870016636,1415.731392002801,1412.9147828571822,1203.0802532434634,1493.1633583510009,270.0727978633926,1392.398135389815,1058.7662323558743,1216.3559297504476,1293.9228585561384,1135.3409690640144,1126.394351836121,1302.36066923357,1001.677892548175,923.050345832774,1004.2966983638274,299.66552912601844,950.8488212446684,1139.6812783716257,1147.0903335381597,1102.5319279788896,923.4350171182784,1011.0548480774667,1293.4308831995259,1326.8011318904341,1450.199237997577,1690.8774285428399,341.5180278516211,1533.3132781531112,1344.8761073843232,1291.4623393688348,1263.5495479288554,1215.8008004199073,1417.1736469759257,1389.29391764771,1147.2650535403004,1299.0173212274424,1671.4359650944746,360.0406254279796,1375.0783199171678,1391.5694362068916,1365.2550440090783,1567.0628891130916,1377.0536864869478,1244.7580175125167,1353.2843460782262,1422.3773859993762,1444.8330278244823,1457.2454720428814,379.1079042254644,1555.306010187116,1482.1206537820108,1490.8931092298026,1273.01788981444,1373.0742962700335,1267.429562534127,1203.8839583167476,1263.9663533420578,1379.0355878282082,1399.8879103570723,419.94802300969735,1410.3065853282976,1336.740240402028,1259.8334937944617,1401.2892417460423,1266.3354486963708,1369.404058468819,1604.1774560760796,1650.472695858191,1284.7185882268252,1620.2575136578305,0.0006-1-20-2048-ppo_shared_gc-4
36.379022656869076,463.30930835797517,1310.970831020037,498.7350037042649,577.371963058094,602.6497715859941,639.6591909636602,678.1753633656793,627.749127553166,634.2811766571041,786.7112087797302,812.7809205279779,154.72284287866077,857.3799510085449,865.2007753913309,885.1841614666288,942.151880652437,1051.920181667638,920.8645348872564,893.0708517870095,879.3111568953651,975.9843032071685,1004.3425317685969,226.37711749743875,945.783413805116,986.6626234830994,911.5268803927623,922.4411402951143,938.573957360814,957.1209950157961,1052.461580087588,1096.509441104048,1005.5623209436362,1091.756547474292,261.766479561235,1100.9483307999556,1014.9283640290785,1135.8948402216324,1113.014741118252,1055.4536461015532,1053.463153686717,1076.523807477898,978.6022730922625,1025.3973985879559,1090.436180998669,307.93818106993166,1051.1804134087556,1153.149391024754,1162.8239442421877,1128.152434893625,1109.8706889793652,1028.2908368827864,1079.4257196078427,1116.3731452892584,1165.2932489330647,1162.796784985469,341.24404114320225,1317.018891263571,1267.3522794993762,1274.0480417016286,1187.6641422899877,1226.4938923594211,1179.7570145731738,1248.640862913039,1268.3556233660954,1194.7871250593344,1499.0331469103694,385.90364505642583,1308.643588582268,1242.324464928552,1213.7014121822167,1262.6339016379022,1186.9765263355323,1179.137276919101,1191.1113895722576,1194.32891757101,1185.571883988096,1354.50891816987,431.3972241316884,1128.9016746245197,1191.671495061596,1282.5977673461123,1453.1210776434314,1388.5109232187722,1253.9014650198758,1365.8322260397747,1465.800091470245,1250.2953156579727,1192.4560861306243,447.3311810077157,1289.9265023170524,1262.20272464035,1253.8328264333672,1458.642011743503,1504.5671963207546,1390.54941138149,1546.7161689733537,1451.462256538464,1269.2912673129142,1617.610990392139,0.0006-1-20-2048-ppo_shared_gc-mean
18.705836509094947,348.34036205833905,1553.790177034904,347.5448768530247,364.03640148240794,383.51147009576437,385.95489498978895,390.3987540610598,380.8065272347707,426.4326089149745,448.0976643163695,497.28156411566033,123.9361046756394,479.71579923408035,486.8073987641237,514.5175165596413,512.7057840567298,509.01768313052975,548.3518068006292,543.9219911838734,522.4276806673469,537.9992016317598,525.2289655865784,221.39087837952493,564.3680760082117,511.01906978940974,551.6526196915282,605.8806619542936,561.0009195898991,625.8573848757783,562.210500886364,553.0538793437337,574.9502100951066,565.6258014842875,274.9225480395121,546.8246854913167,555.0208943329263,554.0159267203404,565.3868385523275,578.9291832597557,568.2637513180413,602.0958994354851,613.3398149531378,629.3377225830026,636.3122196672848,306.75995303803245,655.9920253849176,656.7001447148572,728.2363664310785,697.3191786871837,725.8268424454593,706.4184092923593,847.7163964933666,988.5468754615871,1109.0978880305845,1119.2327764421566,344.68734580203557,1121.7766354033738,895.3120740580122,930.3592971085858,1084.181011847422,1434.4821597870352,1299.227196024456,1031.096225637187,967.7709040360676,1019.7003080481579,1208.236555856497,332.4231409538987,1123.9677746610964,1179.652695880486,1430.7120915082255,1141.2118882462041,1211.9659019033525,2139.874506251173,1333.824566031988,1681.480304105555,1910.4254110765717,1232.4198466150626,333.2435869343662,1397.0818821661817,1642.8572126421445,1373.9982592446443,2570.746688885936,1773.6282827297196,1459.9905394136017,1544.4748351156188,1403.940822840963,1263.368444754296,1636.5246364174334,348.09211113202724,1804.047794663036,2006.5873424849062,2123.201286161202,2185.0266307826005,1310.5552504805182,2144.575852746437,1673.4081644980565,1884.798162718952,1593.0269948482103,1391.195272310819,0.0003-1-10-2048-ppo_shared_gc-0
32.161693948687294,669.1547455425869,1475.3975074769844,673.3934311372732,792.1445081822981,849.4015248575556,592.7481296222543,670.0928997985789,806.9421569640086,847.4644617182319,867.703590552659,852.5548427797843,136.52265700213283,1098.9064525684378,858.0530327169391,897.5160822048601,838.8059742356522,757.9226688446395,931.1654563637574,1148.714127605365,1412.0974308193893,1585.7383101195255,1400.914289750521,208.33308037376932,1944.5835552365081,1559.4338507270327,1265.8906691525926,1628.47550553481,1184.1311717585022,1141.5194513622632,1087.1022157935156,1428.1456919771072,1126.4607685182355,916.4040997674668,316.1856042472511,935.5991044690547,1447.85958172868,1241.0525281162309,1229.334449840316,1672.8409118679745,1402.5058611724758,1852.2930652646694,2161.8905172182804,2520.988398762915,1572.0851548126172,367.5172520772077,1666.3507717096854,1818.049961143732,1276.7264280510221,1221.4208589609902,1073.7515782088271,1466.5246143537834,1227.2989149935577,1415.1018920897118,1854.0316830954891,1876.1660408750156,478.1446310049195,1744.4822101577095,1826.4868736304772,1606.319839676011,2234.8884700329218,1833.872691800822,2003.2397895985152,1474.8887123338613,1466.7221339400946,1072.980913370917,1428.8888727053663,553.9276030972352,1577.9641394604382,1728.081774776503,1637.5847639424314,1518.4633534709958,1633.833373867283,954.4121114116687,974.1143503818039,892.6406867234887,928.9866604843861,1198.621227877951,579.1699387876744,1075.45483392025,1409.9537628096077,1419.523498091674,1941.4595638635942,1314.5868522092765,1145.7113448413513,1519.0739207190813,1736.252280790489,1395.6733866275733,1482.9776555076755,694.5633880205128,1307.9490605873686,1579.1503592303986,1883.2151816095795,1531.993873524953,1742.6080869561513,1296.5093690222782,1928.8502810161974,2211.634440125893,2620.1945182961367,1701.3262302746655,0.0003-1-10-2048-ppo_shared_gc-1
42.791691911754114,390.8164832227982,1595.4579421513915,450.2274005119928,440.50579091013856,579.208181251235,602.0028109136243,639.4820576145632,779.6716920446605,740.4152424613524,853.0711779351409,931.5494885274236,134.24183370916023,844.0831751270293,933.2021427240846,965.2755789897226,879.9224507653488,606.8373973107866,571.810103363504,625.4568345105166,632.7788243631954,875.462047560711,951.668198909814,224.27675782727363,960.8300549234589,1198.2291079504773,1056.953099317307,1030.8561958980602,723.3360862777116,634.097957152668,899.1077937497726,848.3275201559376,785.458966370032,762.9625614083672,264.4666328224942,778.8379358807291,914.3199223512715,1052.508199458803,1065.4927138312185,1166.584159701467,996.75434961029,727.5579182051898,690.0881654668116,692.4108397570242,764.6405500992516,307.6403706304874,775.4175529162316,1257.7936247770442,1338.9201649189474,925.0845767476525,1089.7177913012315,1801.1643074280755,1640.8067639930948,2073.969377554008,1344.635956868726,1913.3847300122618,313.66855781510594,1178.428645795236,2195.6803510384566,547.2704642091254,1906.1121024688248,2037.1670237743851,1447.0425389549528,1177.2305537047296,1447.2790843772677,1063.653766464149,1289.4218391468585,324.9327729031555,1259.8464087407763,1202.8248126209573,869.0247733249878,834.1894597390615,972.344351307688,942.2296022280966,982.4686726331904,733.8819453943105,817.8650619975017,1064.9794817395825,336.1330561089343,1123.256695269852,1136.8531008539633,901.4824368350404,907.4325146911219,946.9144691239644,978.8575397900613,1013.5690582716927,1123.7997195752914,984.7431809297811,1189.3618755606115,365.7709290247491,783.9048177375064,1045.3627605193403,921.3883450621832,589.5250270401041,665.0393873312188,854.184968436505,977.5302659940891,1308.4096918201813,1809.0320063077497,1192.0913701553518,0.0003-1-10-2048-ppo_shared_gc-2
45.80313768924526,616.1905025366575,1370.6061632591766,611.3165283868278,523.9883374294812,496.38775747561243,564.0052237211867,573.1392340755147,640.2290560090478,614.909732640308,606.6921671908942,597.4467132656481,206.84622333194278,571.2551959655743,722.0995440509543,688.6046188542274,665.6047880723377,726.109729313449,796.6043721711799,683.5031919450677,720.6384225718394,1130.7366964522691,1545.1919270141284,256.74132838833475,1203.1670636825,824.6464990523402,980.3806696892741,1280.0759717563462,1752.1960376020115,1125.9715359635593,1043.7844495053987,1229.851335699146,1419.488815710599,1903.317720809827,321.1720267463635,1946.9026093961093,2014.3569187575372,2303.872180935415,1839.6885758563574,899.3397067520684,1689.813577518064,1017.9303908389894,1660.9208112285135,1157.7518855573705,1418.4582143164655,315.78120790579277,1630.1846980519044,2047.3248725315532,1751.7995038723727,2380.8692658338346,2019.42889775665,2207.183407405613,1537.793138024165,1671.2023944251987,1274.5303113490086,1083.5038025395747,323.02496375463204,1423.438071623843,1204.5634816795598,1921.817644358623,1045.8992409387417,1420.3045269980082,1884.966244450824,2131.477544613366,1650.2964977607644,1329.8063028534727,1115.944229316432,365.73702225573004,1370.4545325644883,1611.9571109152669,1743.9698918577953,1235.4703902011354,1491.6472698612124,1536.4482082686561,1910.1235919513329,1352.3019147757564,1784.1211961087006,1579.9979808552112,442.82017085761674,1978.6040305203755,2606.983824567318,1884.7605541409857,2036.0234269599669,2025.0196849228028,2469.2751619199466,2241.3736572579332,2308.521405224331,1387.9806554005572,1461.2939629067466,466.1751534571305,1225.3305788951347,1350.2505948525297,1585.2292977385362,1378.3147151590904,1400.0120163617503,1243.608746814559,1493.8690019813905,1326.2153988032767,1538.3773371719192,1029.7676145309292,0.0003-1-10-2048-ppo_shared_gc-3
37.63729120684938,526.2273898297678,2747.7057812604494,528.1263438230621,637.3312833217783,601.2847564229027,684.3934480898868,936.6480497281632,859.3457282210385,637.047270767258,889.9529560148102,896.3361910027647,158.65047726923035,847.8287480023481,790.8919240171534,850.1722204975665,815.394549275881,760.9102533847768,724.4214144090814,796.0420320608482,701.4062624002788,759.7779776767882,974.5149979649638,222.05804531362742,910.1127099911199,1135.699552825157,1051.8532145515942,1242.9203751375358,1500.282241619409,939.7804921353187,1206.8699765136134,1817.8532509056993,1768.7492229198099,1789.7436244320252,284.03332929837865,1724.3655830137718,1559.9075629129377,1851.4712783908149,1882.9174957023974,1488.655747081045,1556.4347768611906,1567.9108968317012,1357.5018242106046,1355.1646530109501,1503.768602274098,302.39224824471023,1902.6329832936892,2223.164266969783,1210.318545685307,2245.8943157313333,1660.014919245758,2809.2147899925844,2939.4347963710065,2517.465439997533,1963.333820895319,1657.045627769875,333.216813984011,1614.357602184108,1883.3903664045267,1294.0285125579278,1931.9256028547622,2233.6342326550007,2179.6906140998826,2526.0564720588923,2656.0722250783297,1773.3731398002733,1760.3379452170657,364.5427998623694,1629.6361426170147,1438.1174204713027,1189.9926483256409,1475.1010583188815,1604.2977448969634,1348.727906329648,1311.5025157003786,1807.0965741926675,1992.2266400326612,1758.5516031029822,374.82872197084527,2570.2225693253617,2355.1977452473293,2382.0365619457384,2865.582066474957,1529.1041638486436,1590.2411129150325,1073.8462094542622,1077.4716395045705,1328.7650538250712,1830.9205377930525,447.4220443455202,1882.2829808200552,1090.4398675724908,1666.433121607126,1353.9645696505604,1304.4068056238777,1606.2607804506108,1567.6010398772164,1648.814906724148,1800.0305457261718,2232.478173048058,0.0003-1-10-2048-ppo_shared_gc-4
35.419930253126196,510.1458966380299,1748.5915142365811,522.1217161424362,551.6012642652208,581.9587380206141,565.8209014673482,641.952199055576,693.3990320947053,653.2538633004249,733.1035112019748,755.0337599382563,152.03945919762114,768.357874179494,758.210808454651,783.2172034212035,742.4867092811899,672.1595463968363,714.4706306216304,759.5276354611342,797.8697241644098,977.9428466882107,1079.503675845201,226.56001805650604,1116.6122919683598,1045.8056160688834,981.3460544804591,1157.641742056209,1144.189291369507,893.4453642979175,959.8149872897327,1175.4463356163246,1135.0215967227566,1187.6107615803946,292.1560282307999,1186.5059836501964,1298.2929760166703,1400.5840227243207,1316.5640147565234,1161.269941732462,1242.7544632960123,1153.5576341152068,1296.7482266154695,1271.1306999342526,1179.0529482339434,320.0182063792461,1326.1156062712857,1600.606574027394,1261.2002017917455,1494.1176391921988,1313.748005791585,1798.101105694483,1638.6100019750381,1733.2571959056077,1509.1259320478252,1529.8665955277766,358.54846247214084,1416.4966330328539,1601.0866293622066,1259.9591515820543,1640.6012856285347,1791.8921270030503,1762.8332766257263,1668.149901669607,1637.6281690385047,1251.9028861073941,1360.565888448444,388.31266781447783,1392.3737996087627,1432.126762932903,1374.256833791816,1240.887229995256,1382.8177283672999,1384.3384668978485,1302.4067393397386,1293.4802850383558,1486.724993939964,1366.914028038158,413.2390949318874,1628.9240022404042,1830.3691292240728,1592.3602620516165,2064.2488521751156,1517.8506905668814,1528.815139775999,1478.4675361637178,1529.997173587129,1272.1061443074557,1520.2157336371038,464.4047251959879,1400.70304654062,1414.358184931933,1635.8934464357253,1407.7649632314617,1284.524309350703,1429.027943494078,1528.25175067339,1675.9745200384903,1872.1322804700376,1509.3717320639646,0.0003-1-10-2048-ppo_shared_gc-mean
16.593102131622057,414.49594740700434,1505.0868667928883,451.8828602449746,510.5274332119999,515.7663477410808,521.5518524615846,454.0140830185551,476.8631589821859,575.0671305209847,620.8981307530518,541.4388010219485,112.69692094909979,564.5494319028129,696.9537592918814,637.4176674941614,607.1547558941137,675.9599624515731,763.1562205787741,766.5715342015307,951.005070710456,276.88912133760124,410.1467585000856,205.05263881567893,629.6769984123878,661.1350447217092,690.0029581517199,795.5387611707266,761.7907559632213,745.2145974436405,1094.9682986538553,746.8445077723434,948.336772622406,953.3916469816724,230.3758470199501,1051.7127512357865,713.591825102796,1269.6747975326941,1359.3672487246681,1219.8176005469845,1541.7564287538162,1342.928985136605,1192.7998599840369,953.3079328053384,1083.419011581204,268.21630125006146,1095.4094636209413,1554.4433769100517,1548.3422141531416,1549.5349467027693,1473.836485455995,2046.4128719461164,2468.6876006110147,2287.554876741797,1689.6069143461434,2276.0636134131014,304.31430505354325,2246.7579071805803,1590.7324086935766,1421.0210601345048,1226.2767500368193,1410.4615120715537,1439.3827463402406,1696.4198593767303,1581.162398690035,1304.6992073070787,1294.563766473125,326.1724135269511,1802.5955132487416,1498.7308142298903,2060.8290380747935,1747.4458025375666,1558.6752776660783,2090.6538872991305,1844.5994810980565,1843.960900286526,2061.9302019088045,1527.7306656282155,352.6278743679339,2059.826127491607,1298.5088593366459,1911.3203428303664,2664.6945136559884,1379.0963243088272,1220.1342383411622,1429.9798458170249,1458.8597994391966,1351.8020239212674,1147.9133737729348,392.6846017485404,1178.036394045682,1652.816378528369,1857.4835570368969,1987.676142567639,2151.179602503643,2096.6667119741023,1856.8709759946878,1696.4008900617257,1273.1110812238776,1816.2496293476456,0.0003-1-20-2048-ppo_shared_gc-0
30.60511804232143,499.0616885052489,2356.0759408208464,584.6593977853023,762.5259099001041,778.5695495713604,838.0448334291646,698.7355832320374,529.9665241424445,540.060606100564,655.0671712843686,820.6596919480114,139.38102849631676,660.0783775497861,863.546358301291,1045.5513616770086,940.4430232512041,1197.0652485812127,1039.081346879271,1034.2252399017054,1031.708499589909,1046.4675021308465,861.0430978168115,210.8900343265063,929.8058393729042,920.0582441083033,1086.9373424993826,1126.417606739261,1285.9545809058668,1157.1847810050374,1206.4986753718463,1608.8181799273711,1074.4028671968658,965.3338000525589,263.7006748141706,1159.3188546127985,1426.6765598980396,1188.2674315375202,1342.9583210860435,1314.8173577225707,1146.3641416856376,1155.970048660811,931.50068951958,1053.0593055129855,1371.8838279727377,307.4385558303734,1512.03916196708,1391.1161475436572,1422.3263668680631,1133.6353391798082,1097.1814464899733,1574.5158805327937,1094.141367742538,1862.722801324463,1740.168807213481,1440.126357529722,313.4304212995762,1944.4049307278108,2051.680216034053,2112.7679512425,1610.8861605107527,1400.8493231918862,1448.5194016149433,1344.4487330204443,1924.9144034504482,2157.065213355005,2232.1817163579076,323.224905706917,1514.259053278503,2291.0076311197436,2430.770849439372,2109.842495111204,2419.317432525562,1229.9391198849632,1333.6945419546496,2233.3844171237956,2040.041655380273,2020.203515052266,349.4522657531421,2256.576506600521,2926.746777890339,2679.7143940215624,2655.474102139007,2887.7711369190947,3188.012391819721,1846.3030025489486,2038.7755636480151,2152.556810509031,2185.4570290937145,409.44363812739056,1663.8461245658086,1938.287668464248,2542.1104341431374,2655.7829094032973,2439.2319435179747,1839.4231657593405,1277.668739598234,1461.5946403816802,1896.426728703809,1705.6608766693985,0.0003-1-20-2048-ppo_shared_gc-1
41.695816117528814,418.43091235604385,2827.2592954101096,441.9290520790018,491.6720195184414,473.3552215871256,522.8531060166257,481.1912874640827,510.75073696997407,592.2503014582576,645.0098599439352,621.71626318043,128.20896914763557,638.7900679332323,737.0772519521624,969.9220354629904,924.6792712477113,1145.1401773289913,984.829793683361,1130.0151532186562,844.8956630594993,1295.379922394102,1120.2781739939414,206.26805475978173,880.8308722421556,1139.5319260400813,1128.9803708214063,1189.656000158549,1219.4463483070763,973.3668869236338,1133.4766446280773,922.8606102302035,1222.1710410705045,1216.2237274381387,255.98685995862735,1358.6756129324426,1312.8184651630413,1294.2854963735165,1124.91283100175,1250.4438333559297,1341.95692303203,1826.646944474154,1291.6675580183144,1454.5607487314214,1369.8952014214167,306.28431609000813,1871.179432442825,1529.8612390806504,1182.4361491503994,331.05022200865477,289.46418980831754,1164.0503968911298,1267.8571114349015,1049.835611177312,1304.4030220930456,1729.5173992505838,334.1614335162918,1967.0035390056726,1291.5723159595689,1281.213062997379,1569.268597414365,1310.002924138029,1038.0072758470421,1262.3124811531598,968.7404188071453,1222.3570618652452,1212.0586957176304,353.28062690261964,1551.6713218383748,1229.2256006623506,1432.174307086939,1278.8854872339255,1043.743030464455,1010.3101016344568,1293.5063190932788,1078.8420943751723,1080.1066680554611,910.6996636087702,365.31428570328796,1125.7490105537486,1109.0913290656708,1172.221271143757,1782.5544050334945,1409.6833136840803,1696.3085682354983,1362.839918647154,1179.2232564902142,1672.7157311750816,1324.7407980587013,398.1147210058534,1293.356065376602,1565.325341364895,1744.142580796286,1816.7859982002578,1685.5919805706494,1413.4157848892685,1547.407185823276,1488.511666952417,1541.632807251738,1592.720639577114,0.0003-1-20-2048-ppo_shared_gc-2
49.27055620682544,420.28072620440486,1482.0436480484136,486.2802658758266,574.3510012501634,520.0912035343771,592.3691332568725,549.9264763140038,535.5066056027238,552.2330564197332,552.4901260689509,528.9595569166332,178.99348078346998,551.5323268511828,524.0710605124904,537.2444444605565,640.4086484158582,615.5885089089513,753.1696440878441,767.2603914809556,696.3906578954167,825.0650873295015,843.4886846769424,247.6224901356207,1006.4524536048905,799.9041528693516,940.2851538471534,1053.911594955879,1069.5864480025864,883.3779830514496,1122.0365685241557,875.0636391094,889.7682326937584,965.5585413015244,297.8002882519795,1026.1652361009653,1346.808889339257,1087.357408275144,1358.370369941162,1310.5833112952328,1214.5789328770907,1150.5230672484872,988.7894178629347,1021.74135642339,1147.4229855184003,325.66406940403135,1241.010912601794,1286.1079812243072,1428.9003546925699,1837.4117815047866,1324.826991537328,2588.7287792916713,2533.4949418539236,1573.9810792694739,1330.4007141097877,1556.049874354653,353.87918657539336,1241.4638915789951,1171.885429033874,982.5936033441552,1098.2484312524534,1293.180411387574,1560.367434653745,1709.2578550940225,1884.8578613891073,1712.9113463201754,1154.846787714819,372.7287202985724,1130.0569460417946,1066.1155812755283,1153.4158826847913,1006.5473035490063,1122.6337053590973,931.9450775513002,1012.5195511268466,1023.1282273197331,1570.7636922813977,1261.152796678565,395.23263444910714,871.9365137092536,1008.0817164859733,949.65760901508,939.0548548993497,1026.5234741068978,1022.6642799859931,1209.3513468733463,1472.1094622173575,1233.3643629480048,1387.76930139079,397.99191175699764,1060.2438017694099,1682.8476226140972,1383.9677299359948,1811.3280998832856,2144.632977404802,1805.9107238705387,1981.6437210788608,1788.0849644417076,1979.3262489768251,1772.158087304886,0.0003-1-20-2048-ppo_shared_gc-3
34.88332838957571,439.8819209495984,1458.492170098435,488.13266810079233,536.8246045480028,516.2164817584714,511.8418992934799,661.127234566311,662.8188338193024,800.4974956888227,700.7611446392292,748.2725412352304,167.69520964878157,619.9391128380314,631.3589713723765,716.6376289346892,903.9603789215004,837.9824111156264,719.1130827977287,882.8382723339558,846.3899833966979,999.3530649733282,1011.0389972443003,250.92963994340278,1035.1060544269258,956.8941392688693,814.6753096240088,852.1009282465814,700.1585429789188,903.2810419423181,1079.363243834779,807.9906283399093,818.6922588167229,1039.7606473085266,284.8369402767313,1078.5961383133128,1186.5643578648526,887.438802452308,735.077457814655,969.8017974283243,1393.2838888926267,1286.1922025723395,1648.9803983213762,1187.8898757962088,2059.710099645271,323.22936579490556,1464.6080439543339,1838.907866599773,1242.2763498865372,1208.0640882165483,1282.0272432771917,1001.2854381815075,1341.727913794993,1178.1244369304375,1148.4980893427276,1893.2549206029908,355.4867137158072,1730.432613935617,1904.1179505466027,1970.3516761595702,1634.9231479793116,1788.3179988605848,1494.849042568598,1924.4462308402508,2240.130911781422,1818.0839634291085,1664.3274052405304,351.87756673349145,1784.5109337492372,2132.3451007122253,1567.559095216525,1544.7405038904656,1581.040422768161,1761.9750174457226,1892.6334242982591,1421.2623346117098,2002.0614084514243,2390.9526055246824,373.5647054373605,1985.3303587844891,1574.6437725332926,2098.0256446727194,1370.062805765363,1737.4776388259465,2053.2606572527366,1510.984347719662,1357.2853728934656,1773.5594530240107,1331.7746111363595,407.6226058831549,1023.6677805016847,1217.2354600558012,1242.8605474892981,1549.6784982288866,1676.736361399832,1502.8016645467508,1741.029432536056,1861.5726638936242,2276.12184354386,2207.9734374259115,0.0003-1-20-2048-ppo_shared_gc-4
34.60958417757469,438.43023908446,1925.7915842341383,490.5768488171796,575.1801936857423,560.799760838483,597.3321648915454,568.998932918998,543.1811719033261,612.0217180376724,634.8452865379071,652.2093708604507,145.39512180506074,606.9778634150091,690.6014802860403,781.3546276058811,803.3292155460775,894.3472616772711,851.8700176053957,916.1821182273609,874.0779749303958,888.630939633076,849.1991424464162,224.15257159619804,896.3744436118528,895.5047014016629,932.1762269887342,1003.5249782541994,1007.3873352315338,932.485058073216,1127.2686862025428,992.3155130758456,990.6742344800516,1028.0536726164842,266.5401220642918,1134.893718639061,1197.2920194735973,1145.4047872342364,1184.1372457136556,1213.0927800698087,1327.5880630482402,1352.4522496184793,1210.7475847412484,1134.1118438538688,1406.4662252278058,306.166521673876,1436.8494029173949,1520.0873222716878,1364.8562869501422,1211.9392755225133,1093.467271313761,1674.9986733686437,1741.1817870874743,1590.4437610886966,1442.6155094210371,1779.0024330302106,332.25441203212233,1826.0125764857353,1601.9976640535351,1553.589470775622,1427.9206174387405,1440.5624339299254,1396.2251802049136,1587.3770318969214,1719.9611988236313,1643.0233584553225,1511.5956743008023,345.4568466337103,1556.61875363133,1643.4849455999477,1728.9498345004843,1537.4923184644335,1545.0819737566708,1404.9646407631149,1475.3906635142182,1520.1155947433874,1750.9807252154721,1622.1478492985,367.2383531421664,1659.883703427924,1583.4144910623843,1762.187852336697,1882.3681362986404,1688.1103775689694,1836.0760271270221,1471.891692321227,1501.2506909376498,1636.7996763154792,1475.5310226904999,401.1714957043873,1243.8300332518374,1611.3024942054822,1754.1129698803227,1964.250329656673,2019.4745730793802,1731.6436102080002,1680.924011006223,1659.232965146231,1793.3237419400218,1818.9525340649911,0.0003-1-20-2048-ppo_shared_gc-mean
